INSERT INTO reader ("reader_id", "name", "surname", "patronymic", "card_number", "card_date",
                      "date_of_birth", "address", "phone_number") VALUES
    (1, 'Андрей', 'Скороходов','Дмитриевич', 100001, '2020-01-01'::date,
     '1978-05-12'::date, 'улица Фокина, д54, кв37', 89107349856),
    (2, 'Матвей', 'Яковлев','Романович', 100002, '2020-01-01'::date,
     '1988-06-14'::date, 'улица Лебедева, д41, кв7', 89109450714),
    (3, 'Николай', 'Пивоваров','Алексеевич', 100003, '2020-01-01'::date,
     '1979-03-16'::date, 'улица Строителей, д4к3, кв51', 89100747936),
    (4, 'Владислав', 'Петров','Иванович', 100004, '2020-01-01'::date,
     '1981-02-02'::date, 'улица Светланова, д3, кв65', 89107539754),
    (5, 'Иван', 'Лаптев','Петрович', 100005, '2020-01-01'::date,
     '1997-08-22'::date, 'улица Новаторов, д76, кв23', 89101237669);

INSERT INTO books ("book_id", "name", "author", "publishing_house", "amount",
                     "about", "genre", "date_of_receiving") VALUES
    (1, 'Приключения Эраста Фандорина. Азазель', 'Борис Акунин', 'Новый детектив', 10,
     'Книга рассказывает о приключениях детектива Эраста Фандорина. Захватывающий сюжет!',
     'исторический детектив', '2020-01-01'::date),
    (2, 'Приключения Эраста Фандорина. Турецкий гамбит', 'Борис Акунин', 'Новый детектив', 10,
     'Книга рассказывает о приключениях детектива Эраста Фандорина. Захватывающий сюжет!',
     'исторический детектив', '2020-01-01'::date),
    (3, 'Приключения Эраста Фандорина. Левиафан', 'Борис Акунин', 'Новый детектив', 10,
     'Книга рассказывает о приключениях детектива Эраста Фандорина. Захватывающий сюжет!',
     'исторический детектив', '2020-01-01'::date),
    (4, 'Приключения Эраста Фандорина. Смерть Ахиллеса', 'Борис Акунин', 'Новый детектив', 10,
     'Книга рассказывает о приключениях детектива Эраста Фандорина. Захватывающий сюжет!',
     'исторический детектив', '2020-01-01'::date),
    (5, 'Приключения Эраста Фандорина. Особые поручения: Пиковый вален', 'Борис Акунин', 'Новый детектив', 10,
     'Книга рассказывает о приключениях детектива Эраста Фандорина. Захватывающий сюжет!',
     'исторический детектив', '2020-01-01'::date);

INSERT INTO book_copy ("book_id", "copy_id") VALUES
    (1, 1), (1, 2), (1, 3), (1, 4), (1, 5), (1, 6), (1, 7), (1, 8), (1, 9), (1, 10),
    (2, 11), (2, 12), (2, 13), (2, 14), (2, 15), (2, 16), (2, 17), (2, 18), (2, 19), (2, 20),
    (3, 21), (3, 22), (3, 23), (3, 24), (3, 25), (3, 26), (3, 27), (3, 28), (3, 29), (3, 30),
    (4, 31), (4, 32), (4, 33), (4, 34), (4, 35), (4, 36), (4, 37), (4, 38), (4, 39), (4, 40),
    (5, 41), (5, 42), (5, 43), (5, 44), (5, 45), (5, 46), (5, 47), (5, 48), (5, 49), (5, 50);

INSERT INTO records ("record_id", "reader_id", "copy_id", "taking_date", "returning_date") VALUES
    (1, 1, 1, '2021-01-01'::date, '2021-02-01'::date),
    (2, 2, 2, '2021-01-01'::date, '2021-02-01'::date),
    (3, 3, 3, '2021-01-01'::date, '2021-02-01'::date),
    (4, 4, 4, '2021-01-01'::date, '2021-02-01'::date),
    (5, 5, 5, '2021-01-01'::date, '2021-02-01'::date),
    (6, 1, 11, '2021-01-01'::date, '2021-02-01'::date),
    (7, 2, 12, '2021-01-01'::date, '2021-02-01'::date),
    (8, 3, 13, '2021-01-01'::date, '2021-02-01'::date),
    (9, 4, 14, '2021-01-01'::date, '2021-02-01'::date),
    (10, 5, 15, '2021-01-01'::date, '2021-02-01'::date),
    (11, 1, 21, '2021-01-01'::date, '2021-02-01'::date),
    (12, 2, 22, '2021-01-01'::date, '2021-02-01'::date),
    (13, 3, 23, '2021-01-01'::date, '2021-02-01'::date),
    (14, 4, 24, '2021-01-01'::date, '2021-02-01'::date),
    (15, 5, 25, '2021-01-01'::date, '2021-02-01'::date),
    (16, 1, 31, '2021-01-01'::date, '2021-02-01'::date),
    (17, 2, 32, '2021-01-01'::date, '2021-02-01'::date),
    (18, 3, 33, '2021-01-01'::date, '2021-02-01'::date),
    (19, 4, 34, '2021-01-01'::date, '2021-02-01'::date),
    (20, 5, 35, '2021-01-01'::date, '2021-02-01'::date);
